{"errors":[],"warnings":[],"namedChunkGroups":{"app":{"chunks":[5,0,1],"assets":["webpack-runtime-c0b003134b1e54ea9279.js","webpack-runtime-c0b003134b1e54ea9279.js.map","commons.0db6bc78f509dc5e3b80.css","commons-3886839591638d0abee8.js","commons-3886839591638d0abee8.js.map","app-5aee24f726c3d9728055.js","app-5aee24f726c3d9728055.js.map"],"children":{},"childAssets":{}},"component---node-modules-gatsby-plugin-offline-app-shell-js":{"chunks":[2],"assets":["component---node-modules-gatsby-plugin-offline-app-shell-js-e5a034325d4119e1d385.js","component---node-modules-gatsby-plugin-offline-app-shell-js-e5a034325d4119e1d385.js.map"],"children":{},"childAssets":{}},"component---src-pages-404-js":{"chunks":[0,3],"assets":["commons.0db6bc78f509dc5e3b80.css","commons-3886839591638d0abee8.js","commons-3886839591638d0abee8.js.map","component---src-pages-404-js-e98dd3174a06de72ca72.js","component---src-pages-404-js-e98dd3174a06de72ca72.js.map"],"children":{},"childAssets":{}},"component---src-pages-index-js":{"chunks":[0,4],"assets":["commons.0db6bc78f509dc5e3b80.css","commons-3886839591638d0abee8.js","commons-3886839591638d0abee8.js.map","component---src-pages-index-js-cdb073795c574ae916c9.js","component---src-pages-index-js-cdb073795c574ae916c9.js.map"],"children":{},"childAssets":{}}},"assetsByChunkName":{"app":["webpack-runtime-c0b003134b1e54ea9279.js","commons.0db6bc78f509dc5e3b80.css","commons-3886839591638d0abee8.js","app-5aee24f726c3d9728055.js"],"component---node-modules-gatsby-plugin-offline-app-shell-js":["component---node-modules-gatsby-plugin-offline-app-shell-js-e5a034325d4119e1d385.js"],"component---src-pages-404-js":["commons.0db6bc78f509dc5e3b80.css","commons-3886839591638d0abee8.js","component---src-pages-404-js-e98dd3174a06de72ca72.js"],"component---src-pages-index-js":["commons.0db6bc78f509dc5e3b80.css","commons-3886839591638d0abee8.js","component---src-pages-index-js-cdb073795c574ae916c9.js"]}}